graph_name,nodes,edges,radius,diameter,density,avg_cl_coeff,avg_degree,best_score,best_algorithm
rp_0.2_0.5_3_10_40,94,1354,2,3,0.3097689315946008,0.33331794749360044,28.80851063829787,0.96478849932,Spectral
rp_0.2_0.5_3_10_50,73,807,2,3,0.3070776255707763,0.3363301454250168,22.10958904109589,0.78412684484,Agglomerative
rp_0.2_0.5_3_10_60,77,913,2,3,0.31203007518796994,0.3378585992152412,23.714285714285715,0.868409320858,Agglomerative
rp_0.2_0.5_3_10_70,64,638,2,3,0.31646825396825395,0.3388869379214871,19.9375,0.822588920907,K-means
rp_0.2_0.5_3_10_80,111,1839,2,2,0.30122850122850126,0.3201454927645159,33.13513513513514,0.972827398503,K-means
rp_0.2_0.5_3_10_90,181,5147,2,2,0.3159607120933088,0.3417407408999265,56.87292817679558,1.0,K-means
rp_0.2_0.5_3_10_100,211,6839,2,2,0.30868878357030016,0.33695418117308495,64.82464454976304,1.0,K-means
rp_0.2_0.5_4_10_10,40,221,2,3,0.2833333333333333,0.31698128260628267,11.05,0.727732782663,Agglomerative
rp_0.2_0.5_4_10_20,59,485,2,3,0.28345996493278786,0.30462929976100983,16.440677966101696,0.731111008942,Spectral
rp_0.2_0.5_4_10_30,101,1342,2,3,0.26574257425742576,0.28194904043025926,26.574257425742573,0.744278296283,Spectral
rp_0.2_0.5_4_10_40,135,2498,2,2,0.2761746821448314,0.29201322612910297,37.007407407407406,0.960161923403,K-means
rp_0.2_0.5_4_10_50,135,2556,2,2,0.28258706467661693,0.2990118634259628,37.86666666666667,0.980381130253,K-means
rp_0.2_0.5_4_10_60,99,1400,2,3,0.2886002886002886,0.3032352033361523,28.282828282828284,0.784072074304,K-means
rp_0.2_0.5_4_10_70,175,4284,2,2,0.2813793103448276,0.30406736728355055,48.96,0.945649871353,K-means
rp_0.2_0.5_4_10_80,147,3351,2,2,0.31227285434721835,0.3429798493222225,45.59183673469388,0.755769459455,K-means
rp_0.2_0.5_4_10_90,298,12298,2,2,0.2779020631369625,0.29481741724999044,82.53691275167785,1.0,K-means
rp_0.2_0.5_4_10_100,182,4658,2,2,0.2828000728553215,0.3019871972522417,51.18681318681319,0.971917218016,K-means
rp_0.2_0.5_5_10_40,111,1637,2,3,0.2681408681408681,0.284209455402199,29.495495495495497,0.700719218969,Spectral
rp_0.2_0.5_5_10_60,139,2587,2,3,0.26973204045459287,0.291688207556227,37.223021582733814,0.710891114939,Agglomerative
rp_0.2_0.5_5_10_70,231,7127,2,2,0.26828533785055525,0.2838726134040792,61.705627705627705,0.929058714269,Spectral
rp_0.2_0.5_5_10_80,253,8405,2,2,0.2636614593136332,0.2804438607182159,66.44268774703558,0.918841524737,Spectral
rp_0.2_0.5_5_10_100,310,12887,2,2,0.2690677523749869,0.2852371862058893,83.14193548387097,0.938581119697,K-means
rp_0.2_0.5_6_10_50,186,4405,2,2,0.2560302237721593,0.2692001708383264,47.365591397849464,0.740369899034,Spectral
rp_0.2_0.5_6_10_60,209,5678,2,2,0.2612256164887744,0.27895446737570306,54.334928229665074,0.777774632546,K-means
rp_0.2_0.5_6_10_70,239,7254,2,2,0.2550543229844239,0.26602075863705715,60.70292887029289,0.798233372022,K-means
rp_0.2_0.5_6_10_80,302,11767,2,2,0.25889419374711226,0.2722910686468601,77.9271523178808,0.972342866498,Spectral
rp_0.2_0.5_6_10_90,262,9229,2,2,0.2699248340206487,0.28891076079471806,70.45038167938931,0.721026528453,K-means
rp_0.2_0.5_6_10_100,457,25938,2,2,0.24893469998848325,0.25944040898037213,113.51422319474835,1.0,K-means
rp_0.2_0.5_7_10_50,230,6480,2,2,0.24606037592557434,0.2562101607753289,56.34782608695652,0.899927794178,Spectral
rp_0.2_0.5_7_10_70,226,6312,2,3,0.24825958702064896,0.2619233557072214,55.85840707964602,0.776197179328,Spectral
rp_0.2_0.5_7_10_80,348,15015,2,2,0.24868329523998808,0.2607449574611254,86.29310344827586,0.865635563892,Spectral
rp_0.2_0.5_7_10_90,373,17084,2,2,0.24624520741445416,0.2550474328885564,91.60321715817695,0.937796904099,Spectral
rp_0.2_0.5_7_10_100,323,13057,2,2,0.2510816683652866,0.26493348928295196,80.84829721362229,0.827398237768,K-means
rp_0.2_0.5_8_10_70,352,15140,2,2,0.24507899507899508,0.2540530584160651,86.02272727272727,0.743404000771,Spectral
rp_0.2_0.5_8_10_80,400,19180,2,2,0.24035087719298245,0.2472860656246629,95.9,0.956039084172,Spectral
rp_0.2_0.5_8_10_90,481,27400,2,2,0.23735273735273735,0.24429491326373812,113.92931392931393,0.945975909713,Spectral
rp_0.2_0.5_9_10_50,310,11337,2,2,0.23670529282806138,0.24510531040466532,73.14193548387097,0.757809121326,Spectral
rp_0.2_0.5_9_10_60,361,15167,2,2,0.23341028008618037,0.2408724753804784,84.02770083102493,0.790835698664,Spectral
rp_0.2_0.5_9_10_70,372,16526,2,2,0.23948642147059676,0.24835815269188455,88.84946236559139,0.749674772725,K-means
rp_0.2_0.5_9_10_80,395,18349,2,2,0.23580286577138085,0.24191438870673646,92.90632911392404,0.897231149921,Spectral
rp_0.2_0.5_9_10_90,561,37469,2,2,0.2385345047109753,0.24619701298497232,133.57932263814618,0.871794163696,Spectral
rp_0.2_0.5_9_10_100,378,16950,2,2,0.23788472064334135,0.24462195512090135,89.68253968253968,0.800180841956,Spectral
rp_0.2_0.6_3_10_10,30,140,2,3,0.3218390804597701,0.3536944536944536,9.333333333333334,0.906863538932,K-means
rp_0.2_0.6_3_10_30,62,621,2,2,0.328397673188789,0.3673811276868882,20.032258064516128,0.860432956438,K-means
rp_0.2_0.6_3_10_40,89,1304,2,2,0.33299284984678246,0.3733599307794484,29.303370786516854,1.0,Agglomerative
rp_0.2_0.6_3_10_50,119,2354,2,2,0.3352798746617291,0.3773103657279511,39.563025210084035,1.0,Agglomerative
rp_0.2_0.6_3_10_60,73,876,2,2,0.3333333333333333,0.36940207385561685,24.0,0.957397684581,K-means
rp_0.2_0.6_3_10_70,66,806,2,2,0.37575757575757573,0.4432027119970122,24.424242424242426,1.0,K-means
rp_0.2_0.6_3_10_80,102,1827,2,3,0.3546884100174723,0.4004575424954459,35.8235294117647,1.0,K-means
rp_0.2_0.6_3_10_90,116,2507,2,2,0.3758620689655172,0.4293494434935045,43.224137931034484,1.0,Agglomerative
rp_0.2_0.6_3_10_100,226,8744,2,2,0.34391347099311703,0.3863024585191717,77.38053097345133,1.0,K-means
rp_0.2_0.6_4_10_10,40,240,2,3,0.3076923076923077,0.3405058136308136,12.0,0.758974988384,Spectral
rp_0.2_0.6_4_10_20,70,737,2,3,0.305175983436853,0.33477128466029404,21.057142857142857,0.90375960707,K-means
rp_0.2_0.6_4_10_30,68,715,2,3,0.31387181738366987,0.34689873190575204,21.029411764705884,0.948210005996,Spectral
rp_0.2_0.6_4_10_40,121,2204,2,3,0.30358126721763085,0.3324752011913362,36.429752066115704,1.0,K-means
rp_0.2_0.6_4_10_50,151,3377,2,2,0.2981898454746137,0.3348184966677511,44.728476821192054,1.0,K-means
rp_0.2_0.6_4_10_60,103,1811,2,2,0.34475537787930705,0.3860142633196495,35.16504854368932,0.863162432622,Spectral
rp_0.2_0.6_4_10_70,167,4350,2,2,0.31383017098333454,0.3461030625719445,52.09580838323353,1.0,K-means
rp_0.2_0.6_4_10_80,163,4070,2,2,0.30826327349844734,0.3513736636926956,49.938650306748464,0.985405320229,Agglomerative
rp_0.2_0.6_4_10_90,152,3815,2,2,0.33243290345067966,0.3814199414264649,50.19736842105263,0.98623727261,K-means
rp_0.2_0.6_4_10_100,171,4696,2,2,0.32308221534227727,0.3640004001223149,54.92397660818713,1.0,Agglomerative
rp_0.2_0.6_5_10_20,69,637,2,3,0.27152600170502983,0.2972373165080066,18.463768115942027,0.781480401275,Spectral
rp_0.2_0.6_5_10_30,108,1630,2,2,0.28210453444098305,0.3015411772978521,30.185185185185187,0.836045107444,Spectral
rp_0.2_0.6_5_10_40,129,2308,2,2,0.27955426356589147,0.30347298297330844,35.78294573643411,0.96164144943,K-means
rp_0.2_0.6_5_10_50,150,3348,2,2,0.29959731543624163,0.3288573555554545,44.64,0.970129608939,Spectral
rp_0.2_0.6_5_10_60,190,5217,2,2,0.2905597326649958,0.32047820076753886,54.915789473684214,0.970720231309,Agglomerative
rp_0.2_0.6_5_10_70,155,3717,2,2,0.3114369501466276,0.3528615482629315,47.961290322580645,0.950035886355,Spectral
rp_0.2_0.6_5_10_80,210,6120,2,2,0.278879015721121,0.30697249289915646,58.285714285714285,1.0,K-means
rp_0.2_0.6_5_10_90,310,13586,2,2,0.2836621776803424,0.31243607760976905,87.65161290322581,1.0,K-means
rp_0.2_0.6_5_10_100,370,19149,2,2,0.28050977807075367,0.308392207500807,103.5081081081081,1.0,K-means
rp_0.2_0.6_6_10_20,97,1212,2,3,0.2603092783505155,0.2827344456323515,24.989690721649485,0.795956542811,Spectral
rp_0.2_0.6_6_10_30,120,1996,2,2,0.2795518207282913,0.30094966762904957,33.266666666666666,0.831949210398,K-means
rp_0.2_0.6_6_10_40,159,3369,2,2,0.26821112968712685,0.29018117490834794,42.37735849056604,0.961078434329,Spectral
rp_0.2_0.6_6_10_50,205,5675,2,2,0.27140124342419897,0.297413665282169,55.36585365853659,0.977032697421,Spectral
rp_0.2_0.6_6_10_60,218,6686,2,2,0.2826702743837991,0.30667145421372644,61.3394495412844,0.937444128068,K-means
rp_0.2_0.6_6_10_70,154,3355,2,2,0.28478057889822594,0.31453193487028036,43.57142857142857,0.842692896208,Spectral
rp_0.2_0.6_6_10_80,241,8264,2,2,0.28575380359612723,0.31740231041551514,68.58091286307054,0.963325478837,Spectral
rp_0.2_0.6_6_10_90,354,17318,2,2,0.2771722603671516,0.3054583962713718,97.84180790960453,0.988996112872,Agglomerative
rp_0.2_0.6_6_10_100,275,10651,2,2,0.28270736562707366,0.3092191010677459,77.46181818181819,0.958254678814,Spectral
rp_0.2_0.6_7_10_20,117,1757,2,3,0.25891541408782787,0.2713058405515026,30.034188034188034,0.716992804344,Spectral
rp_0.2_0.6_7_10_30,141,2527,2,3,0.2560283687943262,0.2687819270748665,35.843971631205676,0.830060342813,Spectral
rp_0.2_0.6_7_10_40,162,3458,2,2,0.26516371443907677,0.2850225119291011,42.69135802469136,0.891042490064,Spectral
rp_0.2_0.6_7_10_50,207,5522,2,2,0.2589934806059753,0.28178117649447215,53.35265700483092,0.894399297183,K-means
rp_0.2_0.6_7_10_60,240,7849,2,2,0.2736750348675035,0.3014224038562123,65.40833333333333,0.854303471233,K-means
rp_0.2_0.6_7_10_70,322,13311,2,2,0.25756080571196377,0.2763631263232138,82.67701863354037,1.0,K-means
rp_0.2_0.6_7_10_80,285,10835,2,2,0.2677291821102051,0.29305105422257144,76.03508771929825,0.970066602465,Agglomerative
rp_0.2_0.6_7_10_90,373,18402,2,2,0.26524258410447116,0.2881603872678398,98.67024128686327,0.990954577441,K-means
rp_0.2_0.6_7_10_100,355,16462,2,2,0.2619877456831384,0.2802594472372927,92.74366197183099,1.0,K-means
rp_0.2_0.6_8_10_30,168,3389,2,3,0.24158825206729398,0.25753253460328207,40.345238095238095,0.845809906209,Spectral
rp_0.2_0.6_8_10_40,187,4406,2,2,0.25334943361508827,0.27198536932421646,47.12299465240642,0.84358470674,Spectral
rp_0.2_0.6_8_10_50,208,5435,2,2,0.2524619100706057,0.2732374902914915,52.25961538461539,0.865752021275,Spectral
rp_0.2_0.6_8_10_60,324,12973,2,2,0.24792646103275617,0.2631730174198177,80.08024691358025,0.988580624248,Spectral
rp_0.2_0.6_8_10_70,246,8071,2,2,0.2678281068524971,0.29026636300421044,65.6178861788618,0.895339189716,Spectral
rp_0.2_0.6_8_10_80,306,12116,2,2,0.2596378442087217,0.27997958085185914,79.18954248366013,0.876148713844,Agglomerative
rp_0.2_0.6_8_10_90,410,21621,2,2,0.25786868626632475,0.278365378732301,105.46829268292683,0.957134937294,Spectral
rp_0.2_0.6_8_10_100,409,21930,2,2,0.2628361858190709,0.28513547846038223,107.23716381418093,0.97317646062,Spectral
rp_0.2_0.6_9_10_30,177,3827,2,2,0.245698510529019,0.2545197562345374,43.24293785310734,0.783092005899,Spectral
rp_0.2_0.6_9_10_40,214,5692,2,2,0.24974770742837085,0.26760190762488434,53.19626168224299,0.76988605268,K-means
rp_0.2_0.6_9_10_50,255,8000,2,2,0.24702794503628223,0.2621798673700782,62.745098039215684,0.860248955998,K-means
rp_0.2_0.6_9_10_60,318,12340,2,2,0.24482669682360178,0.260012209023227,77.61006289308176,0.950530583658,Spectral
rp_0.2_0.6_9_10_70,374,17895,2,2,0.25655546157044345,0.274544119983117,95.6951871657754,0.912601212144,Agglomerative
rp_0.2_0.6_9_10_80,266,8884,2,2,0.25206412257057736,0.26768541761986536,66.796992481203,0.816332251402,K-means
rp_0.2_0.6_9_10_90,441,24430,2,2,0.2518037518037518,0.2671846507183781,110.7936507936508,0.989370666562,Spectral
rp_0.2_0.7_3_10_10,30,152,2,3,0.34942528735632183,0.43389443889443896,10.133333333333333,1.0,Agglomerative
rp_0.2_0.7_3_10_20,46,396,2,3,0.3826086956521739,0.4643542884278369,17.217391304347824,1.0,K-means
rp_0.2_0.7_3_10_30,59,645,2,3,0.37697253068381065,0.44874309047862887,21.864406779661017,1.0,K-means
rp_0.2_0.7_3_10_40,48,399,2,3,0.3537234042553192,0.4288537684891922,16.625,1.0,K-means
rp_0.2_0.7_3_10_50,94,1712,2,2,0.3916723861816518,0.4677613523238433,36.42553191489362,1.0,Agglomerative
rp_0.2_0.7_3_10_60,132,3198,2,2,0.369882026370576,0.4421021670667677,48.45454545454545,1.0,Agglomerative
rp_0.2_0.7_3_10_70,89,1432,2,2,0.36567926455566907,0.4303051072459857,32.17977528089887,1.0,Agglomerative
rp_0.2_0.7_3_10_80,138,3527,2,2,0.3731090659050037,0.4357401138156758,51.11594202898551,1.0,Agglomerative
rp_0.2_0.7_3_10_90,127,3495,2,2,0.4368203974503187,0.5181234747557188,55.039370078740156,1.0,K-means
rp_0.2_0.7_3_10_100,111,2241,2,2,0.3670761670761671,0.43703015098743014,40.37837837837838,1.0,Agglomerative
rp_0.2_0.7_4_10_10,40,244,2,3,0.3128205128205128,0.39333743763116835,12.2,0.939932892133,K-means
rp_0.2_0.7_4_10_20,63,628,2,3,0.32155657962109574,0.36835872596922964,19.936507936507937,0.9577064003,K-means
rp_0.2_0.7_4_10_30,88,1325,2,2,0.3461337513061651,0.4072389814009682,30.113636363636363,1.0,Agglomerative
rp_0.2_0.7_4_10_40,76,975,2,3,0.34210526315789475,0.401777243413762,25.657894736842106,0.965025698895,K-means
rp_0.2_0.7_4_10_50,89,1324,2,2,0.338100102145046,0.4047085904886742,29.752808988764045,0.971130731372,Agglomerative
rp_0.2_0.7_4_10_60,189,5934,2,2,0.33400878081729146,0.39269741513094863,62.79365079365079,1.0,Agglomerative
rp_0.2_0.7_4_10_70,132,2874,2,2,0.3324080499653019,0.3865685314809531,43.54545454545455,1.0,K-means
rp_0.2_0.7_4_10_80,242,9908,2,2,0.33976886938033674,0.39795068059356403,81.88429752066116,1.0,Agglomerative
rp_0.2_0.7_4_10_90,187,6254,2,2,0.35961129319763097,0.42136012657193367,66.88770053475936,1.0,Agglomerative
rp_0.2_0.7_4_10_100,303,14895,2,2,0.32555242279194807,0.38386514908252034,98.31683168316832,1.0,Agglomerative
rp_0.2_0.7_5_10_10,50,357,2,3,0.2914285714285714,0.34292745342033276,14.28,0.913619746734,Spectral
rp_0.2_0.7_5_10_20,63,582,2,3,0.2980030721966206,0.3330709272237219,18.476190476190474,0.913334590275,K-means
rp_0.2_0.7_5_10_30,112,1910,2,2,0.30727155727155725,0.3606095984873054,34.107142857142854,1.0,K-means
rp_0.2_0.7_5_10_40,125,2414,2,2,0.31148387096774194,0.36689575694854826,38.624,0.982139731161,Spectral
rp_0.2_0.7_5_10_50,180,4969,2,2,0.3084419615145872,0.3585618383481665,55.21111111111111,1.0,Agglomerative
rp_0.2_0.7_5_10_60,200,6103,2,2,0.3066834170854271,0.3519354492870022,61.03,1.0,K-means
rp_0.2_0.7_5_10_70,196,5838,2,2,0.3054945054945055,0.35467898669633424,59.57142857142857,1.0,Agglomerative
rp_0.2_0.7_5_10_80,205,6358,2,2,0.3040650406504065,0.3518306118910456,62.02926829268293,1.0,Agglomerative
rp_0.2_0.7_5_10_90,221,7825,2,2,0.3218839983545866,0.38002349528841767,70.81447963800905,1.0,K-means
rp_0.2_0.7_5_10_100,253,11158,2,2,0.3500219587176109,0.41766356164959684,88.20553359683794,1.0,K-means
rp_0.2_0.7_6_10_10,60,471,2,3,0.26610169491525426,0.29500529278830534,15.7,0.77554768774,Spectral
rp_0.2_0.7_6_10_20,81,925,2,3,0.2854938271604938,0.32189437568980234,22.839506172839506,0.948199126495,K-means
rp_0.2_0.7_6_10_30,127,2273,2,3,0.2840894888138983,0.3198027594470157,35.79527559055118,0.98259507078,Spectral
rp_0.2_0.7_6_10_40,161,3703,2,2,0.2875,0.33454011881518564,46.0,0.976700236881,Spectral
rp_0.2_0.7_6_10_50,160,3714,2,2,0.2919811320754717,0.33120777177219335,46.425,1.0,K-means
rp_0.2_0.7_6_10_60,205,6424,2,2,0.30722142515542805,0.3598147542793854,62.673170731707316,1.0,Agglomerative
rp_0.2_0.7_6_10_70,209,6547,2,2,0.3012053735737946,0.34858528789731846,62.65071770334928,1.0,Spectral
rp_0.2_0.7_6_10_80,277,11280,2,2,0.29508711348296973,0.3414775602899799,81.44404332129965,0.987644587626,Agglomerative
rp_0.2_0.7_6_10_90,240,8254,2,2,0.2877963737796374,0.33244372226785407,68.78333333333333,1.0,Agglomerative
rp_0.2_0.7_6_10_100,245,9218,2,2,0.3083974573435932,0.3646054394093736,75.24897959183673,0.98934676256,Spectral
rp_0.2_0.7_7_10_10,70,633,2,3,0.26211180124223604,0.2825790739450048,18.085714285714285,0.775897665092,Agglomerative
rp_0.2_0.7_7_10_20,104,1502,2,3,0.2804331590739358,0.31024267486942325,28.884615384615383,0.8650581262,Spectral
rp_0.2_0.7_7_10_30,137,2521,2,2,0.2706097037355088,0.31063497566065085,36.802919708029194,0.887356224251,Spectral
rp_0.2_0.7_7_10_40,196,5295,2,2,0.2770800627943485,0.31091683714659857,54.03061224489796,1.0,K-means
rp_0.2_0.7_7_10_50,187,4802,2,2,0.2761198320970617,0.3104798595048382,51.35828877005348,0.990612141426,Spectral
rp_0.2_0.7_7_10_60,225,7140,2,2,0.2833333333333333,0.3252198266366585,63.46666666666667,1.0,Spectral
rp_0.2_0.7_7_10_70,317,13784,2,2,0.2752066445713373,0.3113757617339544,86.96529968454259,1.0,Spectral
rp_0.2_0.7_7_10_80,340,15883,2,2,0.2756029845566545,0.30952577610913123,93.42941176470588,1.0,Agglomerative
rp_0.2_0.7_7_10_90,376,19520,2,2,0.27687943262411346,0.31076108138950054,103.82978723404256,1.0,Agglomerative
rp_0.2_0.7_7_10_100,340,16528,2,2,0.2867950720111053,0.3248228935616155,97.2235294117647,1.0,Agglomerative
rp_0.2_0.7_8_10_20,117,1775,2,3,0.26156793398172706,0.29086430023910637,30.34188034188034,0.941652283181,Spectral
rp_0.2_0.7_8_10_30,156,3262,2,2,0.26980976013234076,0.29685141104232066,41.82051282051282,0.933061965465,Spectral
rp_0.2_0.7_8_10_40,174,4062,2,2,0.26988239984054213,0.29513199058897516,46.689655172413794,0.932456137182,Spectral
rp_0.2_0.7_8_10_50,208,5912,2,2,0.2746191007060572,0.3082038633909854,56.84615384615385,0.977964756955,Spectral
rp_0.2_0.7_8_10_60,316,13151,2,2,0.264235483222825,0.28958855580542064,83.23417721518987,1.0,K-means
rp_0.2_0.7_8_10_70,332,14794,2,2,0.26924616896589376,0.3019866607957836,89.12048192771084,1.0,Agglomerative
rp_0.2_0.7_8_10_80,330,15187,2,2,0.2797642074237819,0.31702490567886016,92.04242424242425,0.993631011747,Spectral
rp_0.2_0.7_8_10_90,303,12516,2,2,0.2735558324044325,0.3075477503652973,82.61386138613861,0.988475955486,Spectral
rp_0.2_0.7_8_10_100,445,27060,2,2,0.27391436380200423,0.30616103642395087,121.61797752808988,1.0,Spectral
rp_0.2_0.7_9_10_20,125,1957,2,3,0.25251612903225806,0.26910904889961823,31.312,0.826778413378,Spectral
rp_0.2_0.7_9_10_30,178,4148,2,2,0.26331492414143337,0.2834353948556528,46.60674157303371,0.944247508969,Spectral
rp_0.2_0.7_9_10_40,214,5873,2,2,0.25768943881356676,0.28334340071034736,54.88785046728972,0.961322400772,Spectral
rp_0.2_0.7_9_10_50,264,9161,2,2,0.2638840880285747,0.28798233611201546,69.40151515151516,0.92966155568,Spectral
rp_0.2_0.7_9_10_60,292,11295,2,2,0.2658522807513063,0.29416930502862343,77.36301369863014,0.95075188787,Agglomerative
rp_0.2_0.7_9_10_70,384,19383,2,2,0.263585182767624,0.2930603826510303,100.953125,0.995581241744,Agglomerative
rp_0.2_0.7_9_10_80,406,21809,2,2,0.2652678951529526,0.2927341454853103,107.43349753694581,0.995013618304,Spectral
rp_0.2_0.7_9_10_90,352,17280,2,2,0.27972027972027974,0.3178184919836636,98.18181818181819,0.98820212461,Spectral
rp_0.2_0.7_9_10_100,336,14322,2,2,0.2544776119402985,0.2755724985008659,85.25,1.0,K-means
rp_0.2_0.8_3_10_10,30,170,2,3,0.39080459770114945,0.4783310208310209,11.333333333333334,1.0,Agglomerative
rp_0.2_0.8_3_10_20,51,540,2,2,0.4235294117647059,0.5020515836478471,21.176470588235293,1.0,Agglomerative
rp_0.2_0.8_3_10_30,71,1000,2,2,0.4024144869215292,0.5039418842143495,28.169014084507044,1.0,Agglomerative
rp_0.2_0.8_3_10_40,78,1180,2,2,0.39294039294039296,0.5077656854579764,30.256410256410255,1.0,Agglomerative
rp_0.2_0.8_3_10_50,91,1794,2,2,0.4380952380952381,0.5443923305654109,39.42857142857143,1.0,Agglomerative
rp_0.2_0.8_3_10_60,75,1216,2,2,0.4381981981981982,0.5280688223018757,32.42666666666667,1.0,Agglomerative
rp_0.2_0.8_3_10_70,131,3531,2,2,0.4146799765120376,0.5161321452683478,53.908396946564885,1.0,Agglomerative
rp_0.2_0.8_3_10_80,182,6695,2,2,0.4064719810576164,0.5031936383423185,73.57142857142857,1.0,Agglomerative
rp_0.2_0.8_3_10_90,100,2126,2,2,0.4294949494949495,0.5295444271426117,42.52,1.0,Agglomerative
rp_0.2_0.8_3_10_100,185,7938,2,2,0.4663924794359577,0.573962897754283,85.81621621621622,1.0,Agglomerative
rp_0.2_0.8_4_10_10,40,254,2,3,0.32564102564102565,0.41124678018060373,12.7,1.0,Agglomerative
rp_0.2_0.8_4_10_20,48,386,2,3,0.3421985815602837,0.4162828330799708,16.083333333333332,1.0,Agglomerative
rp_0.2_0.8_4_10_30,74,956,2,2,0.3539429840799704,0.4276501586940868,25.83783783783784,1.0,K-means
rp_0.2_0.8_4_10_40,94,1573,2,2,0.3598718828643331,0.4591206234114301,33.46808510638298,1.0,Agglomerative
rp_0.2_0.8_4_10_50,120,2615,2,2,0.36624649859943975,0.44951011478610503,43.583333333333336,1.0,K-means
rp_0.2_0.8_4_10_60,145,3718,2,2,0.3561302681992337,0.4430305604966419,51.282758620689656,1.0,K-means
rp_0.2_0.8_4_10_70,125,2970,2,2,0.3832258064516129,0.48058181306770387,47.52,1.0,Agglomerative
rp_0.2_0.8_4_10_80,138,3286,2,2,0.34761451391092774,0.4283076577940607,47.6231884057971,1.0,Agglomerative
rp_0.2_0.8_4_10_90,220,8583,2,2,0.3562889165628892,0.4452025980305568,78.02727272727273,1.0,Agglomerative
rp_0.2_0.8_4_10_100,218,9369,2,2,0.3961019743795713,0.5001425601105679,85.95412844036697,1.0,Agglomerative
rp_0.2_0.8_5_10_10,50,396,2,3,0.32326530612244897,0.36376384064478023,15.84,1.0,Spectral
rp_0.2_0.8_5_10_20,82,1058,2,3,0.318578741342969,0.3836741843613446,25.804878048780488,1.0,Agglomerative
rp_0.2_0.8_5_10_30,92,1321,2,3,0.3155757286192069,0.4012688142155475,28.717391304347824,1.0,K-means
rp_0.2_0.8_5_10_40,135,3001,2,2,0.33178551686014374,0.4047799881404313,44.45925925925926,1.0,K-means
rp_0.2_0.8_5_10_50,112,2112,2,3,0.33976833976833976,0.4195156062416749,37.714285714285715,1.0,Agglomerative
rp_0.2_0.8_5_10_60,160,4377,2,2,0.3441037735849057,0.4174804405906383,54.7125,1.0,Agglomerative
rp_0.2_0.8_5_10_70,265,11740,2,2,0.33562035448827904,0.41215515531071817,88.60377358490567,1.0,Agglomerative
rp_0.2_0.8_5_10_80,179,5482,2,2,0.34410896993283535,0.4194344715232031,61.25139664804469,1.0,Agglomerative
rp_0.2_0.8_5_10_90,254,10727,2,2,0.33385204319815753,0.41047653038661663,84.46456692913385,1.0,Agglomerative
rp_0.2_0.8_5_10_100,278,13758,2,2,0.3573228060151157,0.4501014366326013,98.97841726618705,1.0,Agglomerative
rp_0.2_0.8_6_10_10,60,490,2,3,0.2768361581920904,0.3505364484966383,16.333333333333332,1.0,K-means
rp_0.2_0.8_6_10_20,81,950,2,3,0.2932098765432099,0.3418011828154989,23.45679012345679,1.0,K-means
rp_0.2_0.8_6_10_30,89,1186,2,2,0.3028600612870276,0.34779839088310677,26.651685393258425,0.97999925476,Agglomerative
rp_0.2_0.8_6_10_40,151,3508,2,2,0.309757174392936,0.3717510026751907,46.4635761589404,1.0,K-means
rp_0.2_0.8_6_10_50,183,5374,2,2,0.322704617786585,0.3921381960155032,58.73224043715847,1.0,Agglomerative
rp_0.2_0.8_6_10_60,239,8838,2,2,0.3107485672093105,0.367093700043393,73.9581589958159,1.0,Agglomerative
rp_0.2_0.8_6_10_70,226,7840,2,2,0.30835791543756147,0.3725626046832953,69.38053097345133,1.0,Agglomerative
rp_0.2_0.8_6_10_80,231,8793,2,2,0.33099943534726145,0.4040186714119765,76.12987012987013,1.0,Agglomerative
rp_0.2_0.8_6_10_90,217,8201,2,2,0.34993172896398705,0.43466603759891714,75.5852534562212,1.0,Spectral
rp_0.2_0.8_6_10_100,275,12582,2,2,0.3339615129396151,0.4115771656050337,91.50545454545454,1.0,Agglomerative
rp_0.2_0.8_7_10_10,70,703,2,3,0.2910973084886128,0.32454441269941237,20.085714285714285,0.918542950773,Spectral
rp_0.2_0.8_7_10_20,108,1656,2,3,0.2866043613707165,0.324101430305227,30.666666666666668,0.983476196745,Spectral
rp_0.2_0.8_7_10_30,135,2516,2,2,0.27816473189607516,0.3265736950899284,37.27407407407407,1.0,K-means
rp_0.2_0.8_7_10_40,178,4629,2,2,0.2938487907065321,0.3496169829163703,52.01123595505618,1.0,Agglomerative
rp_0.2_0.8_7_10_50,205,6140,2,2,0.2936394069823051,0.3421584484332543,59.90243902439025,1.0,K-means
rp_0.2_0.8_7_10_60,259,9892,2,2,0.2960701565352728,0.35317794757241594,76.38610038610038,1.0,Agglomerative
rp_0.2_0.8_7_10_70,200,5696,2,2,0.28623115577889446,0.33601763768217924,56.96,1.0,Agglomerative
rp_0.2_0.8_7_10_80,256,10365,2,2,0.31755514705882354,0.384379267533958,80.9765625,1.0,Spectral
rp_0.2_0.8_7_10_90,237,9057,2,2,0.3238575413001502,0.39484291541151906,76.43037974683544,0.984485448234,Spectral
rp_0.2_0.8_7_10_100,290,13046,2,2,0.31132323111800503,0.3738909479478901,89.97241379310344,1.0,Spectral
rp_0.2_0.8_8_10_10,80,846,2,3,0.26772151898734176,0.2988471257978709,21.15,0.83970147804,Spectral
rp_0.2_0.8_8_10_20,108,1514,2,2,0.2620283835237106,0.30210101015794466,28.037037037037038,1.0,K-means
rp_0.2_0.8_8_10_30,184,4609,2,2,0.27375861249703015,0.3122164822222171,50.09782608695652,1.0,K-means
rp_0.2_0.8_8_10_40,190,5121,2,2,0.28521303258145364,0.33357651759091,53.90526315789474,0.992805693864,Agglomerative
rp_0.2_0.8_8_10_50,283,11254,2,2,0.28203393228579304,0.32800677199410233,79.53356890459364,1.0,K-means
rp_0.2_0.8_8_10_60,278,11100,2,2,0.2882892242162948,0.337782264967094,79.85611510791367,1.0,K-means
rp_0.2_0.8_8_10_70,285,11856,2,2,0.29295774647887324,0.3445222156287436,83.2,0.985822983312,Spectral
rp_0.2_0.8_8_10_80,336,16463,2,2,0.2925195451314854,0.3419447817052368,97.99404761904762,1.0,Spectral
rp_0.2_0.8_8_10_90,419,25832,2,2,0.2949834991035845,0.3470387589454492,123.30310262529832,1.0,Agglomerative
rp_0.2_0.8_9_10_10,90,1033,2,3,0.25792759051186015,0.2959768268036328,22.955555555555556,0.938735731209,Spectral
rp_0.2_0.8_9_10_20,132,2364,2,2,0.2734212352532963,0.3068590800666378,35.81818181818182,0.955901166234,K-means
rp_0.2_0.8_9_10_30,177,4190,2,2,0.26900359527478174,0.3054373046501898,47.344632768361585,1.0,Spectral
rp_0.2_0.8_9_10_40,235,7447,2,2,0.2708492453173304,0.3096938828311566,63.37872340425532,1.0,Spectral
rp_0.2_0.8_9_10_50,228,7152,2,2,0.2763737537676791,0.3244311254557931,62.73684210526316,0.992270534817,Spectral
rp_0.2_0.8_9_10_60,266,9959,2,2,0.2825649028230955,0.32902365730563676,74.8796992481203,1.0,Agglomerative
rp_0.2_0.8_9_10_70,381,19659,2,2,0.2715706589307915,0.31121615284075227,103.19685039370079,1.0,Spectral
rp_0.2_0.8_9_10_80,430,25654,2,2,0.2781373665094595,0.3213623086967977,119.32093023255814,1.0,Spectral
rp_0.2_0.8_9_10_90,346,16971,2,2,0.2843427996984167,0.33417257099310066,98.09826589595376,1.0,Spectral
rp_0.2_0.8_9_10_100,519,37980,2,2,0.2825451380364675,0.32705559291602193,146.35838150289018,0.997478410912,Agglomerative
rp_0.3_0.5_4_10_90,260,11766,2,2,0.34945054945054943,0.35457403554244626,90.50769230769231,0.837666065607,Spectral
rp_0.3_0.5_5_10_90,344,20092,2,2,0.34056546206522476,0.3441268954452456,116.81395348837209,0.75450022027,Spectral
rp_0.3_0.6_3_10_40,59,689,2,2,0.4026884862653419,0.40823106960840955,23.35593220338983,0.799118149362,Spectral
rp_0.3_0.6_3_10_60,72,1064,2,2,0.4162754303599374,0.4297958227238876,29.555555555555557,0.748147024721,Spectral
rp_0.3_0.6_3_10_70,144,4309,2,2,0.4185120435120435,0.4353275400837294,59.84722222222222,1.0,K-means
rp_0.3_0.6_3_10_80,192,7398,2,2,0.40346858638743455,0.41655181933784213,77.0625,1.0,K-means
rp_0.3_0.6_3_10_90,211,8868,2,2,0.4002708192281652,0.4123113923468303,84.05687203791469,1.0,K-means
rp_0.3_0.6_3_10_100,197,8306,2,2,0.430228944369626,0.44752571619585574,84.3248730964467,0.982197417615,K-means
rp_0.3_0.6_4_10_50,106,2195,2,2,0.394429469901168,0.41360504207898957,41.41509433962264,0.755006521639,Spectral
rp_0.3_0.6_4_10_60,128,3220,2,2,0.39616141732283466,0.41291386384316664,50.3125,0.747295207529,K-means
rp_0.3_0.6_4_10_90,258,12580,2,2,0.3794528398636624,0.39046014673839474,97.51937984496124,1.0,K-means
rp_0.3_0.6_4_10_100,206,8166,2,2,0.38673928486857684,0.39850521210985734,79.28155339805825,0.940659682214,K-means
rp_0.3_0.6_5_10_50,139,3652,2,2,0.38077364195600044,0.39352099967660936,52.54676258992806,0.709496153645,Spectral
rp_0.3_0.6_5_10_60,190,6650,2,2,0.37037037037037035,0.37738229028835973,70.0,0.823713928788,Spectral
rp_0.3_0.6_5_10_70,184,6473,2,2,0.3844737467331908,0.3993732561370421,70.3586956521739,0.808753132944,K-means
rp_0.3_0.6_5_10_80,232,9784,2,2,0.3651291237498134,0.37283881303378597,84.34482758620689,0.989252477836,K-means
rp_0.3_0.6_5_10_90,332,19737,2,2,0.3592072216357879,0.366443810268499,118.89759036144578,1.0,K-means
rp_0.3_0.6_5_10_100,284,14530,2,2,0.36156870551933507,0.3700901855028051,102.32394366197182,0.924055840587,Spectral
rp_0.3_0.6_6_10_60,220,8518,2,2,0.353590701535907,0.35972914661802236,77.43636363636364,0.82157564437,Spectral
rp_0.3_0.6_6_10_70,303,16203,2,2,0.35414071208445347,0.36069682075130527,106.95049504950495,0.891212832058,Spectral
rp_0.3_0.6_6_10_80,267,12813,2,2,0.36081777477401367,0.3688439859460871,95.97752808988764,0.720207513292,Spectral
rp_0.3_0.6_6_10_90,435,33084,2,2,0.3504846655013507,0.356034909647863,152.1103448275862,0.989070734129,Spectral
rp_0.3_0.6_6_10_100,277,13895,2,2,0.3634960498090305,0.3723354086909893,100.32490974729242,0.789957070595,K-means
rp_0.3_0.6_7_10_70,327,18559,2,2,0.34819234160709933,0.3531490593495078,113.51070336391437,0.828743268179,Spectral
rp_0.3_0.6_7_10_80,321,17791,2,2,0.3463979750778816,0.3521679320122619,110.84735202492212,0.796759136998,Spectral
rp_0.3_0.6_7_10_90,429,31686,2,2,0.34514084046794324,0.3498080693870546,147.72027972027973,0.879211669894,Spectral
rp_0.3_0.6_7_10_100,539,49909,2,2,0.3442213654640633,0.34916089977356624,185.19109461966605,0.988040978246,Spectral
rp_0.3_0.6_8_10_70,357,21549,2,2,0.33910867717873666,0.34290124839705605,120.72268907563026,0.753190791214,Spectral
rp_0.3_0.6_8_10_80,416,29362,2,2,0.34015291936978687,0.344289719082214,141.16346153846155,0.89073674963,Spectral
rp_0.3_0.6_9_10_70,366,22433,2,2,0.3358484916535669,0.33921226732326715,122.5846994535519,0.791399810834,Spectral
rp_0.3_0.6_9_10_80,451,34112,2,2,0.33616161616161616,0.3408368750692323,151.27272727272728,0.759579673784,Spectral
rp_0.3_0.6_9_10_90,476,37788,2,2,0.3342591773551526,0.33806425810261764,158.7731092436975,0.81941522386,Spectral
rp_0.3_0.6_9_10_100,536,48380,2,2,0.33742502441065697,0.3415742829248366,180.52238805970148,0.790632259071,Spectral
rp_0.3_0.7_3_10_20,52,591,2,2,0.4457013574660634,0.465446154624446,22.73076923076923,0.940559259318,K-means
rp_0.3_0.7_3_10_30,38,317,2,2,0.45092460881934565,0.46959299051933884,16.68421052631579,1.0,K-means
rp_0.3_0.7_3_10_40,67,958,2,2,0.433288104929896,0.4608132300098806,28.597014925373134,0.959384030779,K-means
rp_0.3_0.7_3_10_50,89,1803,2,2,0.4604187946884576,0.49310606225477893,40.51685393258427,0.968603058543,K-means
rp_0.3_0.7_3_10_60,96,1981,2,2,0.4344298245614035,0.46366135189118424,41.270833333333336,0.970033716875,K-means
rp_0.3_0.7_3_10_70,138,4177,2,2,0.44187030572305086,0.46974853449263715,60.53623188405797,1.0,Agglomerative
rp_0.3_0.7_3_10_80,52,620,2,2,0.4675716440422323,0.49475819688516215,23.846153846153847,0.884646487663,K-means
rp_0.3_0.7_3_10_90,75,1327,2,2,0.4781981981981982,0.5153571885122156,35.38666666666666,0.943137828033,K-means
rp_0.3_0.7_3_10_100,216,10214,2,2,0.43987941429801897,0.4665917591234312,94.57407407407408,1.0,Agglomerative
rp_0.3_0.7_4_10_20,61,751,2,2,0.4103825136612022,0.4258744349690185,24.62295081967213,0.747593333789,Spectral
rp_0.3_0.7_4_10_30,67,898,2,2,0.40615106286748076,0.43643599120588433,26.80597014925373,0.807325181229,Spectral
rp_0.3_0.7_4_10_40,67,883,2,2,0.399366802351877,0.41357858908401285,26.35820895522388,0.766929815122,Spectral
rp_0.3_0.7_4_10_50,144,4259,2,2,0.41365578865578867,0.43981217036043013,59.15277777777778,0.984079669639,K-means
rp_0.3_0.7_4_10_60,158,4982,2,2,0.4016770136257357,0.42393801720532537,63.063291139240505,0.981116039281,Spectral
rp_0.3_0.7_4_10_70,182,6982,2,2,0.42389654544350674,0.44877776121042223,76.72527472527473,1.0,K-means
rp_0.3_0.7_4_10_80,134,3695,2,2,0.4146560430928066,0.4368788370532549,55.149253731343286,1.0,K-means
rp_0.3_0.7_4_10_90,174,6304,2,2,0.41884260182047706,0.4418828757645078,72.45977011494253,1.0,K-means
rp_0.3_0.7_4_10_100,235,11363,2,2,0.4132751409347154,0.43737131959253206,96.70638297872341,1.0,K-means
rp_0.3_0.7_5_10_20,69,909,2,2,0.3874680306905371,0.39487305757947133,26.347826086956523,0.796498111319,K-means
rp_0.3_0.7_5_10_30,102,1961,2,2,0.38070277615996895,0.3905619640699232,38.450980392156865,1.0,K-means
rp_0.3_0.7_5_10_40,110,2310,2,2,0.3853211009174312,0.3937245851726023,42.0,0.873975850623,Spectral
rp_0.3_0.7_5_10_50,157,4924,2,2,0.4020904785235995,0.42083551461192503,62.72611464968153,0.901073967878,Agglomerative
rp_0.3_0.7_5_10_60,192,7101,2,2,0.38727094240837695,0.4024568002261289,73.96875,0.925433515564,Spectral
rp_0.3_0.7_5_10_70,210,8454,2,2,0.3852358168147642,0.4000331050260074,80.51428571428572,0.989744359427,Spectral
rp_0.3_0.7_5_10_80,166,5363,2,2,0.39160277473530486,0.40607722980918415,64.6144578313253,0.987277126576,K-means
rp_0.3_0.7_5_10_90,250,11865,2,2,0.3812048192771084,0.39779482037914415,94.92,1.0,K-means
rp_0.3_0.7_5_10_100,235,10653,2,2,0.38745226404800875,0.4028993947736838,90.66382978723404,1.0,K-means
rp_0.3_0.7_6_10_30,145,3870,2,2,0.3706896551724138,0.38358989480003647,53.37931034482759,0.876410298048,Spectral
rp_0.3_0.7_6_10_40,126,3010,2,2,0.38222222222222224,0.39988815260574795,47.77777777777778,0.777370850813,Agglomerative
rp_0.3_0.7_6_10_50,169,5309,2,2,0.37397858551704705,0.3885629261982914,62.828402366863905,0.857351775553,K-means
rp_0.3_0.7_6_10_60,209,8191,2,2,0.37684026499815976,0.3945302040715507,78.38277511961722,0.936946492454,Spectral
rp_0.3_0.7_6_10_70,222,9472,2,2,0.3861236802413273,0.4058759287406058,85.33333333333333,0.963172679281,Spectral
rp_0.3_0.7_6_10_80,304,17211,2,2,0.3736972381448671,0.3875498131784661,113.23026315789474,0.96892357122,Spectral
rp_0.3_0.7_6_10_90,358,23714,2,2,0.3710936888721969,0.38329135356424776,132.4804469273743,0.994504219125,K-means
rp_0.3_0.7_6_10_100,409,30913,2,2,0.37049954456110074,0.383497184454115,151.1638141809291,1.0,K-means
rp_0.3_0.7_7_10_30,153,4187,2,2,0.36007911936704506,0.36801424015456796,54.73202614379085,0.788980658873,Spectral
rp_0.3_0.7_7_10_40,183,5895,2,2,0.3539902720230589,0.3631263842369817,64.42622950819673,0.885969255844,Spectral
rp_0.3_0.7_7_10_50,207,7674,2,2,0.3599268327001548,0.37150682929512846,74.14492753623189,0.876945618515,K-means
rp_0.3_0.7_7_10_60,318,18069,2,2,0.3584905660377358,0.3683806159772872,113.64150943396227,1.0,K-means
rp_0.3_0.7_7_10_70,242,10844,2,2,0.37186653406947634,0.3856853238740553,89.6198347107438,0.817523745959,K-means
rp_0.3_0.7_7_10_80,341,21063,2,2,0.3633431085043988,0.37544274597199695,123.5366568914956,0.994100949699,K-means
rp_0.3_0.7_7_10_90,292,15772,2,2,0.371228169279292,0.3850160890999752,108.02739726027397,0.899917369102,Spectral
rp_0.3_0.7_7_10_100,388,27944,2,2,0.3721995791043981,0.3853416590316142,144.04123711340208,0.93681174899,Spectral
rp_0.3_0.7_8_10_40,156,4240,2,2,0.3507030603804797,0.3602187183497743,54.35897435897436,0.768082726186,Spectral
rp_0.3_0.7_8_10_50,234,9730,2,2,0.3569201423278677,0.36662738899137354,83.16239316239316,0.884265840564,Spectral
rp_0.3_0.7_8_10_60,327,18839,2,2,0.3534455263503499,0.36184685863501087,115.22324159021407,0.886758113744,Spectral
rp_0.3_0.7_8_10_70,265,12629,2,2,0.36103487707261295,0.3723858683953862,95.31320754716981,0.844700793278,Spectral
rp_0.3_0.7_8_10_80,423,31888,2,2,0.35727650611183936,0.36622071340363976,150.77068557919623,0.968889149936,Spectral
rp_0.3_0.7_8_10_90,528,49762,2,2,0.3576706342360991,0.3679252311342527,188.49242424242425,0.981690881317,Spectral
rp_0.3_0.7_8_10_100,426,32379,2,2,0.35768019884009944,0.3672856887352016,152.01408450704224,0.94228333165,Spectral
rp_0.3_0.7_9_10_40,202,6994,2,2,0.3445150485197774,0.35256540295974986,69.24752475247524,0.809702649209,Spectral
rp_0.3_0.7_9_10_50,294,15269,2,2,0.35450767337651784,0.3628461948636859,103.87074829931973,0.828563021448,Spectral
rp_0.3_0.7_9_10_60,322,18328,2,2,0.3546371006752965,0.3655014573706606,113.83850931677019,0.834903763705,Spectral
rp_0.3_0.7_9_10_70,367,23890,2,2,0.3557123926088057,0.36621917833918394,130.19073569482288,0.864329371969,K-means
rp_0.3_0.7_9_10_80,355,22434,2,2,0.35703031749820957,0.36767303202065393,126.3887323943662,0.960752403697,Spectral
rp_0.3_0.7_9_10_90,356,22340,2,2,0.3535369520493749,0.36345419479195473,125.50561797752809,0.948512789893,Spectral
rp_0.3_0.7_9_10_100,479,40229,2,2,0.3514032896288467,0.3603465595112514,167.97077244258872,0.955844089904,Spectral
rp_0.3_0.8_3_10_10,30,225,2,2,0.5172413793103449,0.5306027566631282,15.0,0.906863538932,Spectral
rp_0.3_0.8_3_10_20,54,661,2,2,0.46191474493361284,0.5012608948243283,24.48148148148148,1.0,K-means
rp_0.3_0.8_3_10_30,59,797,2,2,0.4658094681472823,0.5160865069923355,27.016949152542374,1.0,Agglomerative
rp_0.3_0.8_3_10_40,63,935,2,2,0.4787506400409626,0.5281325793199588,29.682539682539684,1.0,Agglomerative
rp_0.3_0.8_3_10_50,95,2198,2,2,0.4922732362821948,0.5336841346347763,46.27368421052632,1.0,K-means
rp_0.3_0.8_3_10_60,121,3641,2,2,0.5015151515151515,0.5457656726739237,60.18181818181818,1.0,Agglomerative
rp_0.3_0.8_3_10_70,127,4018,2,2,0.5021872265966754,0.5577431126160726,63.275590551181104,1.0,Agglomerative
rp_0.3_0.8_3_10_80,163,6401,2,2,0.48481405741119443,0.5328135517673512,78.5398773006135,1.0,Agglomerative
rp_0.3_0.8_3_10_90,144,5033,2,2,0.4888306138306138,0.5375679986673794,69.90277777777777,1.0,Agglomerative
rp_0.3_0.8_3_10_100,192,8850,2,2,0.4826570680628272,0.5280005707618096,92.1875,1.0,Agglomerative
rp_0.3_0.8_4_10_10,40,317,2,2,0.4064102564102564,0.4250879852002144,15.85,1.0,K-means
rp_0.3_0.8_4_10_20,62,806,2,2,0.4262295081967213,0.45232290950969284,26.0,1.0,Agglomerative
rp_0.3_0.8_4_10_30,69,1001,2,2,0.42668371696504687,0.45476762594472164,29.014492753623188,0.927942723581,K-means
rp_0.3_0.8_4_10_40,80,1404,2,2,0.4443037974683544,0.49714346965909656,35.1,1.0,K-means
rp_0.3_0.8_4_10_50,118,3049,2,2,0.4416920179632044,0.4852211629205175,51.67796610169491,1.0,K-means
rp_0.3_0.8_4_10_60,118,3070,2,2,0.44473417354773287,0.48279060186474304,52.03389830508475,1.0,K-means
rp_0.3_0.8_4_10_70,106,2440,2,2,0.4384546271338724,0.47628658616377634,46.0377358490566,1.0,Agglomerative
rp_0.3_0.8_4_10_80,151,5165,2,2,0.45607064017660043,0.5048560597855024,68.41059602649007,1.0,Agglomerative
rp_0.3_0.8_4_10_90,155,5502,2,2,0.46099706744868035,0.5058688792745011,70.99354838709678,0.985347182004,Agglomerative
rp_0.3_0.8_4_10_100,180,7533,2,2,0.46759776536312847,0.5211069072334663,83.7,1.0,K-means
rp_0.3_0.8_5_10_10,50,477,2,2,0.3893877551020408,0.4152932843154812,19.08,0.742485162517,Agglomerative
rp_0.3_0.8_5_10_20,78,1146,2,2,0.38161838161838163,0.40377062847987116,29.384615384615383,0.928091649362,K-means
rp_0.3_0.8_5_10_30,90,1643,2,2,0.4102372034956305,0.43408511412210643,36.51111111111111,0.977904768894,K-means
rp_0.3_0.8_5_10_40,105,2247,2,2,0.4115384615384615,0.44210652455362043,42.8,0.957483462018,Spectral
rp_0.3_0.8_5_10_50,155,4835,2,2,0.4051110180142438,0.4394812666533461,62.38709677419355,1.0,K-means
rp_0.3_0.8_5_10_60,85,1539,2,2,0.43109243697478994,0.4549712958428812,36.21176470588235,0.980473146394,Agglomerative
rp_0.3_0.8_5_10_70,272,14869,2,2,0.40343499023225526,0.4296641288248063,109.33088235294117,1.0,Agglomerative
rp_0.3_0.8_5_10_80,215,10079,2,2,0.43812214735926974,0.47898666732244005,93.75813953488372,1.0,Spectral
rp_0.3_0.8_5_10_90,259,13588,2,2,0.4066924066924067,0.43129086821071916,104.92664092664093,1.0,Agglomerative
rp_0.3_0.8_5_10_100,263,14566,2,2,0.42277885815458743,0.4598605178093697,110.7680608365019,1.0,Agglomerative
rp_0.3_0.8_6_10_20,89,1450,2,2,0.37027579162410623,0.39471171662743426,32.58426966292135,1.0,Spectral
rp_0.3_0.8_6_10_30,141,3796,2,2,0.38459979736575484,0.4060399615298026,53.843971631205676,1.0,Spectral
rp_0.3_0.8_6_10_40,165,5235,2,2,0.3869179600886918,0.4087298391794742,63.45454545454545,1.0,K-means
rp_0.3_0.8_6_10_50,229,10009,2,2,0.38339845246303533,0.40408751776451846,87.41484716157206,1.0,Agglomerative
rp_0.3_0.8_6_10_60,200,7681,2,2,0.38597989949748746,0.41023165002532425,76.81,0.989986150397,Spectral
rp_0.3_0.8_6_10_70,217,9405,2,2,0.4013056835637481,0.433226973195965,86.68202764976958,1.0,Agglomerative
rp_0.3_0.8_6_10_80,346,23270,2,2,0.3898802044064673,0.41290512882311897,134.50867052023122,1.0,Agglomerative
rp_0.3_0.8_6_10_90,332,21849,2,2,0.3976449605066793,0.42295011030561275,131.62048192771084,1.0,K-means
rp_0.3_0.8_6_10_100,368,26733,2,2,0.3958802274612013,0.41956198782053955,145.28804347826087,1.0,Agglomerative
rp_0.3_0.8_7_10_10,70,837,2,2,0.34658385093167704,0.36524985189817677,23.914285714285715,0.765608705471,Spectral
rp_0.3_0.8_7_10_20,97,1799,2,2,0.3863831615120275,0.3992049701575079,37.09278350515464,0.841086669566,Spectral
rp_0.3_0.8_7_10_30,155,4402,2,2,0.36883116883116884,0.38644987054000207,56.8,0.986930162597,Spectral
rp_0.3_0.8_7_10_40,191,6874,2,2,0.37883714521906864,0.3990875653699495,71.97905759162303,0.960488035548,Spectral
rp_0.3_0.8_7_10_50,211,8540,2,2,0.3854660347551343,0.4060611767277616,80.9478672985782,0.990944811961,Spectral
rp_0.3_0.8_7_10_60,254,12357,2,2,0.38458186797796523,0.40532447430768126,97.2992125984252,0.992445771379,Spectral
rp_0.3_0.8_7_10_70,205,8105,2,2,0.38761358201817314,0.41210682381872055,79.07317073170732,0.963317278101,Agglomerative
rp_0.3_0.8_7_10_80,405,31161,2,2,0.3808947561422809,0.4013544619358094,153.88148148148147,0.995171493996,Agglomerative
rp_0.3_0.8_7_10_90,354,23497,2,2,0.37606632416254543,0.39319863446422076,132.75141242937852,1.0,Agglomerative
rp_0.3_0.8_7_10_100,305,17813,2,2,0.3842320966350302,0.40837589729793994,116.80655737704917,0.994833016554,Spectral
rp_0.3_0.8_8_10_20,123,2683,2,2,0.35759029721444757,0.37188805021707,43.6260162601626,0.878731980508,Spectral
rp_0.3_0.8_8_10_30,122,2671,2,2,0.36187508467687307,0.3742985051215843,43.78688524590164,0.792956442141,Spectral
rp_0.3_0.8_8_10_40,182,6211,2,2,0.3770870013963937,0.39238663544610697,68.25274725274726,0.948539625865,Agglomerative
rp_0.3_0.8_8_10_50,173,5590,2,2,0.37572254335260113,0.39517729699300574,64.6242774566474,0.928584904292,Agglomerative
rp_0.3_0.8_8_10_60,264,12985,2,2,0.37403502707685216,0.3934664038639583,98.37121212121212,0.977429626131,Spectral
rp_0.3_0.8_8_10_70,318,18820,2,2,0.3733904727893181,0.3923131362430767,118.36477987421384,0.989666007924,Spectral
rp_0.3_0.8_8_10_80,391,28991,2,2,0.3802347694930815,0.40124057723411044,148.2915601023018,0.984983197081,Agglomerative
rp_0.3_0.8_8_10_90,433,34737,2,2,0.37140749294328973,0.38933247591583686,160.44803695150117,1.0,Spectral
rp_0.3_0.8_8_10_100,441,36379,2,2,0.37496392496392494,0.3930866555599222,164.984126984127,0.986873292101,Agglomerative
rp_0.3_0.8_9_10_20,121,2576,2,2,0.35482093663911846,0.36738913670214296,42.578512396694215,0.747782037906,Spectral
rp_0.3_0.8_9_10_30,204,7420,2,2,0.3583502366463827,0.3703017527398325,72.74509803921569,0.954023213086,Spectral
rp_0.3_0.8_9_10_40,264,12431,2,2,0.35807696739255673,0.3708900770130268,94.17424242424242,0.98941093671,Spectral
rp_0.3_0.8_9_10_50,255,12055,2,2,0.37224023467654777,0.3885671661463363,94.54901960784314,0.905592383677,Agglomerative
rp_0.3_0.8_9_10_60,300,16457,2,2,0.3669342251950948,0.3835831260559829,109.71333333333334,0.952517761294,Agglomerative
rp_0.3_0.8_9_10_70,345,21727,2,2,0.366144253454668,0.3818838396226996,125.9536231884058,0.977020897456,Spectral
rp_0.3_0.8_9_10_80,394,28599,2,2,0.36939590033711783,0.3879337720798433,145.17258883248732,0.988634568259,Spectral
rp_0.3_0.8_9_10_90,315,18147,2,2,0.36693964209887775,0.38277804478977007,115.21904761904761,0.994913471415,Spectral
rp_0.3_0.8_9_10_100,451,37443,2,2,0.3689874353288987,0.3866952305883015,166.04434589800442,0.98151067173,Agglomerative
rp_0.4_0.6_3_10_80,146,5005,2,2,0.4728389230042513,0.47802182043231844,68.56164383561644,0.712874980889,K-means
rp_0.4_0.6_3_10_90,190,8352,2,2,0.46516290726817044,0.4676364460322903,87.91578947368421,0.751630629825,Spectral
rp_0.4_0.7_3_10_30,71,1286,2,2,0.5175050301810865,0.5292405152026307,36.225352112676056,0.863982071887,Spectral
rp_0.4_0.7_3_10_40,76,1466,2,2,0.5143859649122807,0.5316897081789688,38.578947368421055,0.737387537982,K-means
rp_0.4_0.7_3_10_50,101,2560,2,2,0.5069306930693069,0.5171143205725038,50.693069306930695,0.914443681111,Spectral
rp_0.4_0.7_3_10_60,68,1257,2,2,0.5517998244073749,0.5743084692762959,36.970588235294116,0.820293274355,K-means
rp_0.4_0.7_3_10_70,137,4770,2,2,0.5120223271790468,0.523298614094922,69.63503649635037,0.95788833176,K-means
rp_0.4_0.7_3_10_80,176,7748,2,2,0.5031168831168831,0.5122643257188576,88.04545454545455,1.0,K-means
rp_0.4_0.7_3_10_90,167,6955,2,2,0.5017675492388717,0.5097156992894301,83.2934131736527,1.0,K-means
rp_0.4_0.7_3_10_100,173,7870,2,2,0.5289689474391719,0.5417724994467444,90.98265895953757,0.939478528676,K-means
rp_0.4_0.7_4_10_60,163,6334,2,2,0.4797394531545861,0.48609679636613146,77.71779141104294,0.945173935861,K-means
rp_0.4_0.7_4_10_70,147,5352,2,2,0.49874196253844005,0.5111746405037974,72.81632653061224,0.701797442643,K-means
rp_0.4_0.7_4_10_80,86,1775,2,2,0.4856361149110807,0.4940789165641842,41.27906976744186,0.763576464097,K-means
rp_0.4_0.7_4_10_90,225,11828,2,2,0.4693650793650794,0.47602984867141923,105.13777777777777,1.0,K-means
rp_0.4_0.7_4_10_100,134,4237,2,2,0.47547974413646055,0.48313001857686694,63.23880597014925,0.886609277495,Spectral
rp_0.4_0.7_5_10_40,157,5720,2,2,0.46709129511677283,0.47116131970987435,72.86624203821655,0.783336513147,Spectral
rp_0.4_0.7_5_10_50,175,7077,2,2,0.46482758620689657,0.4707328045209721,80.88,0.761038571152,Spectral
rp_0.4_0.7_5_10_60,179,7310,2,2,0.4588538070428724,0.4628373996197452,81.67597765363128,0.789924803377,Spectral
rp_0.4_0.7_5_10_70,221,11466,2,2,0.4716577540106952,0.47655782257538243,103.76470588235294,0.820975839574,K-means
rp_0.4_0.7_5_10_80,212,10369,2,2,0.46360547259232765,0.4685142561433896,97.82075471698113,0.893027486728,K-means
rp_0.4_0.7_5_10_90,291,19753,2,2,0.46813603507524587,0.4731595950744581,135.7594501718213,0.876009025138,K-means
rp_0.4_0.7_5_10_100,310,22605,2,2,0.4719699342311306,0.4788989595248426,145.83870967741936,0.824050504982,K-means
rp_0.4_0.7_6_10_60,196,8773,2,2,0.45907901622187336,0.4655571302469435,89.5204081632653,0.75042072169,Spectral
rp_0.4_0.7_6_10_80,279,17860,2,2,0.46053479796807717,0.4654481155584515,128.02867383512546,0.857255048837,K-means
rp_0.4_0.7_6_10_100,283,18179,2,2,0.45557978096884943,0.45943056376473673,128.47349823321554,0.741524717276,K-means
rp_0.4_0.7_7_10_60,334,24583,2,2,0.44205283127438816,0.44436052093585243,147.20359281437126,0.863543810001,Spectral
rp_0.4_0.7_7_10_80,322,23102,2,2,0.44701147423617965,0.4515869131542271,143.49068322981367,0.782338254212,Spectral
rp_0.4_0.7_7_10_90,315,22667,2,2,0.4583358608836316,0.46370737459746725,143.91746031746032,0.728189609257,Agglomerative
rp_0.4_0.7_7_10_100,406,37063,2,2,0.45080581402420483,0.4556426014917042,182.57635467980296,0.837925892513,K-means
rp_0.4_0.7_8_10_70,384,32468,2,2,0.44152523933855525,0.4447894296104342,169.10416666666666,0.756603405569,Spectral
rp_0.4_0.7_8_10_90,386,32975,2,2,0.4437790189085526,0.4466277089995412,170.85492227979276,0.758933768718,Spectral
rp_0.4_0.7_8_10_100,365,29465,2,2,0.44354960108384767,0.4467747014106281,161.45205479452054,0.729699583252,Spectral
rp_0.4_0.7_9_10_100,508,56944,2,2,0.4421873301340291,0.445497864220285,224.18897637795277,0.781173869006,Spectral
rp_0.4_0.8_3_10_10,30,211,2,3,0.4850574712643678,0.5429711588148121,14.066666666666666,0.906863538932,K-means
rp_0.4_0.8_3_10_20,52,692,2,2,0.521870286576169,0.5439485826107383,26.615384615384617,0.940650097275,K-means
rp_0.4_0.8_3_10_30,53,746,2,2,0.5413642960812772,0.5718354148611144,28.150943396226417,1.0,K-means
rp_0.4_0.8_3_10_40,71,1353,2,2,0.544466800804829,0.5704503941238825,38.11267605633803,0.867056918878,K-means
rp_0.4_0.8_3_10_50,83,1888,2,2,0.5548045841904202,0.5760611453540524,45.493975903614455,1.0,K-means
rp_0.4_0.8_3_10_60,113,3508,2,2,0.5543615676359039,0.577191171858169,62.08849557522124,1.0,K-means
rp_0.4_0.8_3_10_70,131,4825,2,2,0.5666470933646506,0.5933410119514492,73.66412213740458,0.976488381946,Agglomerative
rp_0.4_0.8_3_10_80,148,5890,2,2,0.5414598271741129,0.5631008387591185,79.5945945945946,1.0,K-means
rp_0.4_0.8_3_10_90,85,2089,2,2,0.5851540616246499,0.6111002812239834,49.15294117647059,0.969175047974,K-means
rp_0.4_0.8_3_10_100,168,7773,2,2,0.5541060735671514,0.5771271306993833,92.53571428571429,1.0,Agglomerative
rp_0.4_0.8_4_10_10,40,375,2,2,0.4807692307692308,0.4891761614886362,18.75,0.840594790338,K-means
rp_0.4_0.8_4_10_20,65,1037,2,2,0.4985576923076923,0.5061961146587067,31.907692307692308,0.887133509625,Spectral
rp_0.4_0.8_4_10_30,73,1323,2,2,0.5034246575342466,0.519359990731738,36.24657534246575,0.877919089795,Agglomerative
rp_0.4_0.8_4_10_40,99,2508,2,2,0.5170068027210885,0.5345612753674762,50.666666666666664,0.914422343025,Spectral
rp_0.4_0.8_4_10_50,105,2743,2,2,0.5023809523809524,0.517272620696302,52.24761904761905,0.911262416903,K-means
rp_0.4_0.8_4_10_60,179,8092,2,2,0.5079404933776913,0.5191946580449786,90.41340782122904,1.0,K-means
rp_0.4_0.8_4_10_70,175,7813,2,2,0.5131691297208538,0.5312981945939856,89.29142857142857,1.0,K-means
rp_0.4_0.8_4_10_80,186,9253,2,2,0.5378087765184539,0.5571429723960287,99.49462365591398,0.950670204106,Spectral
rp_0.4_0.8_4_10_90,183,8788,2,2,0.5277127244340359,0.5479022748567977,96.04371584699453,1.0,Spectral
rp_0.4_0.8_4_10_100,154,6001,2,2,0.5093795093795094,0.5245291763364279,77.93506493506493,1.0,K-means
rp_0.4_0.8_5_10_30,118,3306,2,2,0.47892220773576705,0.4901531703578341,56.03389830508475,0.897931695905,Spectral
rp_0.4_0.8_5_10_40,118,3305,2,2,0.47877734318412285,0.49135783415935197,56.016949152542374,0.920211412149,Agglomerative
rp_0.4_0.8_5_10_50,168,6803,2,2,0.4849586541203308,0.4967271818837891,80.98809523809524,0.90415884288,K-means
rp_0.4_0.8_5_10_60,163,6580,2,2,0.498371582216163,0.5116151515855752,80.7361963190184,0.917228180285,Agglomerative
rp_0.4_0.8_5_10_70,168,7010,2,2,0.49971485600228116,0.5156681796794678,83.45238095238095,0.930852045575,Spectral
rp_0.4_0.8_5_10_80,190,8834,2,2,0.49200779727095517,0.5040448736940033,92.98947368421052,0.987475119126,Spectral
rp_0.4_0.8_5_10_90,238,14705,2,2,0.5213984327908379,0.5423861863247139,123.57142857142857,0.845328289094,K-means
rp_0.4_0.8_5_10_100,240,13873,2,2,0.4837168758716876,0.4947973879427842,115.60833333333333,1.0,K-means
rp_0.4_0.8_6_10_20,100,2296,2,2,0.4638383838383838,0.47242251396025703,45.92,0.813505551226,Spectral
rp_0.4_0.8_6_10_30,139,4478,2,2,0.46689604837868837,0.4742502368435777,64.43165467625899,0.883161896,Spectral
rp_0.4_0.8_6_10_40,162,6279,2,2,0.48148148148148145,0.48957190405566187,77.51851851851852,0.878951457208,Spectral
rp_0.4_0.8_6_10_50,194,8662,2,2,0.46268895892313444,0.4702184585001621,89.29896907216495,0.94117361861,Spectral
rp_0.4_0.8_6_10_60,192,8894,2,2,0.4850567190226876,0.49925129970459176,92.64583333333333,0.893119410331,Spectral
rp_0.4_0.8_6_10_70,211,10688,2,2,0.4824193184382758,0.49706113220930426,101.30805687203791,0.911343162489,Agglomerative
rp_0.4_0.8_6_10_80,249,15006,2,2,0.4860085503303537,0.49918589133578073,120.53012048192771,0.889819680407,Agglomerative
rp_0.4_0.8_6_10_90,286,19432,2,2,0.4768003925898663,0.4867793941003292,135.8881118881119,0.965723151263,Spectral
rp_0.4_0.8_6_10_100,251,15476,2,2,0.4932589641434263,0.5079390767387308,123.31474103585657,0.922613960011,K-means
rp_0.4_0.8_7_10_30,155,5396,2,2,0.4521156263091747,0.45621130194885384,69.6258064516129,0.751449628926,Spectral
rp_0.4_0.8_7_10_40,224,11285,2,2,0.45183376040999357,0.4575403074703592,100.75892857142857,0.96166686926,Spectral
rp_0.4_0.8_7_10_50,226,11722,2,2,0.4610422812192724,0.4683625715451696,103.73451327433628,0.855790147393,Spectral
rp_0.4_0.8_7_10_60,267,16500,2,2,0.4646447579623215,0.4711124628601226,123.59550561797752,0.960163516745,Spectral
rp_0.4_0.8_7_10_70,329,25303,2,2,0.46895618652235155,0.4763540116448517,153.8176291793313,0.934842913118,Spectral
rp_0.4_0.8_7_10_80,298,20780,2,2,0.469572684337785,0.478205187921182,139.46308724832215,0.947030580171,Spectral
rp_0.4_0.8_7_10_90,457,47982,2,2,0.46049752389727056,0.46729323750612284,209.98687089715537,0.995233159667,Spectral
rp_0.4_0.8_7_10_100,383,33831,2,2,0.46246907167170176,0.47021125810434883,176.66318537859007,0.994583167223,Spectral
rp_0.4_0.8_8_10_30,165,6119,2,2,0.45225424981522544,0.4574544585923575,74.16969696969697,0.729989736231,Spectral
rp_0.4_0.8_8_10_40,177,7144,2,2,0.4586543400102722,0.4646532414600729,80.7231638418079,0.718743790895,Spectral
rp_0.4_0.8_8_10_50,288,18683,2,2,0.4520663956639566,0.45800086001532797,129.74305555555554,0.936968411534,Spectral
rp_0.4_0.8_8_10_60,237,13057,2,2,0.46688836444253734,0.47579975528561574,110.18565400843882,0.777567856626,Agglomerative
rp_0.4_0.8_8_10_70,280,17960,2,2,0.45980542754736303,0.466979324105278,128.28571428571428,0.844139039122,Spectral
rp_0.4_0.8_8_10_80,390,34302,2,2,0.4522048645441962,0.45739390435378474,175.90769230769232,0.939679240348,Spectral
rp_0.4_0.8_8_10_90,529,63791,2,2,0.4567723549292547,0.46206911653615096,241.1758034026465,0.941327519172,Spectral
rp_0.4_0.8_8_10_100,396,36323,2,2,0.4644291011379619,0.47372955273198175,183.44949494949495,0.901100483075,Spectral
rp_0.4_0.8_9_10_40,195,8383,2,2,0.4431932328839545,0.44892804294125754,85.97948717948718,0.746874005284,Spectral
rp_0.4_0.8_9_10_60,323,23429,2,2,0.45053170009422533,0.45808826940480146,145.07120743034056,0.836670249509,Spectral
rp_0.4_0.8_9_10_70,436,42801,2,2,0.45134451123062325,0.45675951087593875,196.3348623853211,0.885938683004,Spectral
rp_0.4_0.8_9_10_80,523,61278,2,2,0.44891321069866597,0.45358965821923053,234.33269598470363,0.929304174841,Spectral
rp_0.4_0.8_9_10_90,433,42497,2,2,0.45437729877683686,0.4614750560693014,196.29099307159353,0.842392914981,Spectral
